Method,Model key,Parameters,Direct 14-step test RMSE,Std direct 14-step test RMSE,Mean rollout RMSE,Std mean rollout RMSE,RMSE @ 25,Std @ 25,RMSE @ 50,Std @ 50,RMSE @ 75,Std @ 75,Final Timestep RMSE,Std Final Timestep RMSE,Runs,selected_checkpoint
TWIG (standard FFN),SA-TWIG-D14-K6,70364,0.005487773880225936,0.00057088390019909,0.05411674661046323,0.007312675767697674,0.0436530813745312,0.00948394570839036,0.06787431033155504,0.014085167712831784,0.07897827727671813,0.008207142882266363,0.050315009787205454,0.004715114815894536,3,archived-source-sha256:62cba497d8d46d44c3fbb21f403c068fb0dc227e74109b28ebdd491eb6e7eb0a
TWIG ($K=2$),SA-TWIG-D14-K2,70224,0.005751455344838664,0.0006401008995179852,0.057346154642947046,0.006484833097060856,0.04832861012909193,0.013456522153251913,0.07125511372712713,0.00831521188617693,0.07783974661612077,0.018466485616811832,0.06256736493758634,0.018543668725657277,3,archived-source-sha256:de40248af34670bbcb2a5f135a59d018eef7ea3a378a00a33127f0eb89711ff3
Graph FNO,GraphFNO-D14,70864,0.006020170239220259,0.00025840331800206575,0.06017083554470478,0.015069626464024256,0.05365551559512336,0.008153158724183252,0.08112964432678643,0.03234614273739166,0.07242854242259238,0.018345055664041477,0.054122319313760735,0.0060624596506958315,3,/home/users/subaven/3d-gnns/SI-Diffusion/artifacts/direct14_operator_baselines/models/graphfno_d14_best.pt
TWIG,SwiGLU-TWIG-D14-K6,70268,0.004990412321762928,6.94139242400691e-05,0.060297378213025145,0.020258048243872798,0.04979138176761211,0.007517602254965963,0.07735993481418331,0.0236983163150217,0.08288304670836785,0.034012004155498515,0.06018269345266308,0.03587351530516722,3,archived-source-sha256:a65bb067a7656dffac6584be424772f714487da90bedbe1ce413c44433fa68b4
GPS Transformer,GPS-Transformer-D14,67909,0.004096798655451319,0.00015323975694791093,0.060570933558860895,0.013546637016143824,0.04500245383486603,0.006751680527707583,0.07578228031827695,0.021339713900433033,0.08630502360643061,0.01901761996902053,0.07011177230208183,0.013541241970710438,3,/home/users/subaven/3d-gnns/SI-Diffusion/direct14_all_models_patience10/models/gps_transformer_d14_best.pt
Graph WNO,GWNO-D14,64202,0.005357344194255279,0.00044422302376892893,0.06174505445483101,0.010921210165910982,0.045389043652544786,0.002451768043916373,0.07801165859047922,0.016300641469455274,0.08810411189531019,0.0163283037904741,0.06119072848594265,0.0199092628531028,3,/home/users/subaven/3d-gnns/SI-Diffusion/artifacts/direct14_operator_baselines/models/gwno_d14_best.pt
GATv2,GATv2-D14,69454,0.0052294014412487475,0.00021386118332450985,0.06636196029916556,0.007013760032120863,0.05429175516758181,0.0006668382295560324,0.08921181401777113,0.010724359178418436,0.08749990552247944,0.014089290426213234,0.0573990433084632,0.0071503439711884656,3,/home/users/subaven/3d-gnns/SI-Diffusion/direct14_all_models_patience10/models/gatv2_d14_best.pt
GAT,GAT-D14,67514,0.00533901323932755,3.909070358274134e-05,0.06728026606660921,0.0033224406630444994,0.055569159415805515,0.002301780360036582,0.09117415753774795,0.002774398743921461,0.0889913322146547,0.008465300149680567,0.05805582877796454,0.009283762685351854,3,/home/users/subaven/3d-gnns/SI-Diffusion/direct14_all_models_patience10/models/gat_d14_best.pt
MeshGraphNet,MeshGraphNet-D14,69006,0.004650363207168955,0.00018713179499208607,0.07506970077043308,0.009814287721396989,0.055828537967230106,0.0035834483216580434,0.10506802356800328,0.015954042890915014,0.10276492404228825,0.01293676210846929,0.07435892614524123,0.017580877739794804,3,/home/users/subaven/3d-gnns/SI-Diffusion/direct14_all_models_patience10/models/meshgraphnet_d14_best.pt
RNN-GNN Fusion,RNN-GNN-Fusion-D14,72253,0.006991499138997984,3.298842516962174e-05,0.10023406588804336,0.0022626759822217983,0.12401962873640686,0.00141846756785954,0.13941608432855862,0.007396542332330985,0.1025132289233872,0.001150025434886171,0.08021119537711406,0.0002779977839702677,3,/home/users/subaven/3d-gnns/SI-Diffusion/direct14_all_models_patience10/models/rnn_gnn_fusion_d14_best.pt
RNN,RNN-D14,67854,0.0074613093247178144,0.00020387640232362073,0.12504324563673336,0.02447246674668714,0.13157402682247185,0.0050195167793369725,0.17747168662227863,0.03452845492074524,0.1439896462859894,0.04504448198253449,0.09940903142737945,0.027675506860680824,3,/home/users/subaven/3d-gnns/SI-Diffusion/direct14_all_models_patience10/models/rnn_d14_best.pt
