Method,Parameters,Mean rollout RMSE,Step-25 RMSE,Step-50 RMSE,Step-60 RMSE,Runs
TWIG,"1,000,620",0.013634 ± 0.000053,0.015820 ± 0.000186,0.024914 ± 0.000638,0.017248 ± 0.000343,3
TWIG (K=3),"998,572",0.013853 ± 0.000144,0.015970 ± 0.000266,0.025134 ± 0.000671,0.017714 ± 0.000483,3
GPS Transformer,"1,015,191",0.013972 ± 0.000614,0.016900 ± 0.001221,0.026332 ± 0.002268,0.017674 ± 0.001347,3
GAT,"1,003,940",0.014305 ± 0.000197,0.018769 ± 0.000575,0.029300 ± 0.000249,0.018169 ± 0.000560,3
MeshGraphNet,"976,024",0.014504 ± 0.000111,0.017178 ± 0.000185,0.029409 ± 0.000943,0.017675 ± 0.000526,3
Plain Graph WNO,"1,023,804",0.014517 ± 0.000378,0.018097 ± 0.000568,0.025974 ± 0.001259,0.018447 ± 0.001067,3
GATv2,"994,640",0.014589 ± 0.000132,0.019555 ± 0.000222,0.030619 ± 0.000213,0.018445 ± 0.000701,3
RNN-GNN Fusion,"973,601",0.020458 ± 0.000341,0.033859 ± 0.001721,0.052564 ± 0.003519,0.028331 ± 0.001713,3
RNN,"995,244",0.022295 ± 0.000924,0.037279 ± 0.002038,0.053484 ± 0.002632,0.030514 ± 0.002134,3
Graph FNO,"1,047,724",0.054451 ± 0.003876,0.043527 ± 0.004162,0.077611 ± 0.004179,0.083283 ± 0.014411,3
