model_key,Method,Parameters,noise_level,noise_percent_of_channel_std,mean_rollout_rmse,std_rollout_rmse,mean_step25_rmse,std_step25_rmse,mean_step50_rmse,std_step50_rmse,mean_step60_rmse,std_step60_rmse,mean_pressure_rmse,mean_salinity_rmse,evaluations,clean_mean_rollout_rmse,clean_step60_rmse,rollout_degradation_percent,step60_degradation_percent
gat,GAT,1003940,0.0,0.0,0.0163093575586875,0.0003004845858635233,0.022483692814906402,0.00095234392278108,0.0320518426597118,0.0006767024927338801,0.0207774632920821,0.0009908967679350298,0.011631859466433499,0.019800505290428767,3,0.0163093575586875,0.0207774632920821,0.0,0.0
gat,GAT,1003940,0.01,1.0,0.016589067669378333,0.000268245867847703,0.02272632780174409,0.0008255009609849347,0.03229614471395806,0.0007117888778938066,0.020992623435126367,0.0008789388745592361,0.011838991608884556,0.020139941738711434,9,0.0163093575586875,0.0207774632920821,1.7150283797772334,1.0355457738975278
gat,GAT,1003940,0.025,2.5,0.01794367469847198,0.0002973536529581607,0.02427578427725362,0.001470926023913405,0.03408682594696676,0.0010894403883610307,0.021980440451039154,0.0007693471250283038,0.012830619700252956,0.021778579801320988,9,0.0163093575586875,0.0207774632920821,10.020732784253243,5.789817274832993
gat,GAT,1003940,0.05,5.0,0.021879144633809668,0.0003911454719030978,0.0273026089287466,0.0011617859830911402,0.03752908193402815,0.001608798572905319,0.025189647658003647,0.0009119561937024949,0.0158180344021982,0.02648862616883379,9,0.0163093575586875,0.0207774632920821,34.150867408969845,21.235433334169077
gat,GAT,1003940,0.1,10.0,0.03339217272069714,0.0004990137199211612,0.039306582262118604,0.001511802244553914,0.04972798832588722,0.002109872061639335,0.03601849493053221,0.0013840568420703345,0.024200198551018955,0.04042650428083203,9,0.0163093575586875,0.0207774632920821,104.74241612852582,73.35366894503517
gps_transformer,GPS Transformer,1015191,0.0,0.0,0.016260891221463666,0.001320561661366687,0.020137996102372734,0.0019463140362192858,0.029560238122939998,0.004359304063562914,0.020768801992138167,0.002910478058022522,0.012213196915884766,0.019350115209817834,3,0.016260891221463666,0.020768801992138167,0.0,0.0
gps_transformer,GPS Transformer,1015191,0.01,1.0,0.016525165488322523,0.0011194381525264753,0.020416029625468745,0.0016081835142944274,0.029988966054386515,0.003812955888367005,0.020897941456900656,0.0023980543291594707,0.012412306335237256,0.01966965695222213,9,0.016260891221463666,0.020768801992138167,1.6252139151513774,0.6217954449725784
gps_transformer,GPS Transformer,1015191,0.025,2.5,0.017881767203410434,0.0010982255972388356,0.021924944180581243,0.0017125156738196723,0.03177875901261961,0.0044179124005037426,0.021945724056826633,0.0023078897815356682,0.01352880450172551,0.021249714204006665,9,0.016260891221463666,0.020768801992138167,9.967940624356936,5.666778782589287
gps_transformer,GPS Transformer,1015191,0.05,5.0,0.022192667755815677,0.0008753220773950923,0.025983351386255644,0.0019696908719798296,0.0363748098413149,0.0037386038697133053,0.02565434823433553,0.0016114477198543476,0.017154106249411858,0.026173122434152443,9,0.016260891221463666,0.020768801992138167,36.47879106725912,23.523486063600302
gps_transformer,GPS Transformer,1015191,0.1,10.0,0.03398884211977318,0.0009791035024286528,0.03845628806286383,0.0025395590850477412,0.05190599047475387,0.005561118266955821,0.0366109961436854,0.001734841757791008,0.02606571651995177,0.04022539531191186,9,0.016260891221463666,0.020768801992138167,109.02201273512854,76.27880586248617
meshgraphnet,MeshGraphNet,976024,0.0,0.0,0.016221847385168034,0.0001238154752005931,0.02024109537402787,0.00026218043102749856,0.032080337405204766,0.0013518352825330649,0.019093099360664636,0.0006487106520521941,0.0122554016609986,0.0192629465212424,3,0.016221847385168034,0.019093099360664636,0.0,0.0
meshgraphnet,MeshGraphNet,976024,0.01,1.0,0.016467858105897855,9.625178463419639e-05,0.020398240122530133,0.00022722747616072504,0.0322449124521679,0.0012388414302491396,0.019256407601965744,0.00056824941932852,0.012464094700084744,0.019546855654981345,9,0.016221847385168034,0.019093099360664636,1.5165394846135316,0.8553259909051437
meshgraphnet,MeshGraphNet,976024,0.025,2.5,0.01769946391383803,8.211041951811905e-05,0.021568461010853388,0.0002651805029450169,0.03328098066978981,0.001241847064581604,0.020201495745115778,0.0004891113855700746,0.0133199271642499,0.02107646730211041,9,0.016221847385168034,0.019093099360664636,9.108805511393312,5.805219799644716
meshgraphnet,MeshGraphNet,976024,0.05,5.0,0.021371404329935666,7.522108842348699e-05,0.025138514323366987,0.0002939629114798197,0.03659630649619625,0.0009213232797003498,0.023272464258803235,0.00044622608771611246,0.0158721796340412,0.025623152239455077,9,0.016221847385168034,0.019093099360664636,31.74457768278585,21.889400035014088
meshgraphnet,MeshGraphNet,976024,0.1,10.0,0.031774244788620176,0.00018637590140461918,0.036452977193726394,0.0005026730192156878,0.047339181519216914,0.0010435603549507784,0.03305719627274401,0.0004869971746137681,0.022750456300046677,0.0386504878600438,9,0.016221847385168034,0.019093099360664636,95.87315818093577,73.13687866124047
plain_graph_wno,Plain Graph WNO,1023804,0.0,0.0,0.016065958887338565,0.0005102073839455929,0.021330975616971632,0.0009329316549816196,0.0281499245514472,0.0015828707179176065,0.020175316681464467,0.0015057079784831268,0.012682686559855867,0.018734111761053367,3,0.016065958887338565,0.020175316681464467,0.0,0.0
plain_graph_wno,Plain Graph WNO,1023804,0.01,1.0,0.01629058519999182,0.00043632898019320486,0.021501947401298377,0.0008074509347249062,0.02825809394319848,0.0013665086560653641,0.020340684594379477,0.0012993932467039839,0.012850293061799422,0.019007618021633844,9,0.016065958887338565,0.020175316681464467,1.3981506751537998,0.8196546082815042
plain_graph_wno,Plain Graph WNO,1023804,0.025,2.5,0.017368284778462466,0.0004046806498854236,0.022295838842789288,0.0007934074797049936,0.028987622716360566,0.0013786599243814407,0.021146430323521235,0.001273292875465728,0.013551743804580577,0.020384871297412385,9,0.016065958887338565,0.020175316681464467,8.10611990393086,4.813374964017059
plain_graph_wno,Plain Graph WNO,1023804,0.05,5.0,0.020642569495571934,0.00035853652381406126,0.025189920225077142,0.0007939258873024858,0.03137471795909929,0.00135488494170446,0.02368352500100927,0.0011322897152005007,0.015543017329441133,0.024632364925410946,9,0.016065958887338565,0.020175316681464467,28.486383167830418,17.38861587619031
plain_graph_wno,Plain Graph WNO,1023804,0.1,10.0,0.030166839766833455,0.00020143521707407643,0.03383279715975121,0.0007909437315431557,0.039525793244441304,0.001299934551709477,0.03200720457567104,0.0008855561376163131,0.021591881910959832,0.03671218579014138,9,0.016065958887338565,0.020175316681464467,87.76868519567584,58.64536394155739
twig,TWIG,1000620,0.0,0.0,0.015215924630562433,9.550832773526188e-05,0.018569367006421034,0.00019075398891406473,0.02714157973726587,0.001093329132801358,0.018667416647076565,0.0005090235257599125,0.011497754914065133,0.018065725142757064,3,0.015215924630562433,0.018667416647076565,0.0,0.0
twig,TWIG,1000620,0.01,1.0,0.015455826910005611,8.966906279609994e-05,0.01872527019845109,0.0001476368279459007,0.027267318218946412,0.0009249209249223957,0.018869263844357557,0.0004435600432771094,0.011697528987295045,0.018344650251997788,9,0.015215924630562433,0.018667416647076565,1.5766526535056269,1.0812808279639605
twig,TWIG,1000620,0.025,2.5,0.016607680875394045,0.00011278217353720463,0.01974803747402291,0.00017732897816857384,0.028218224023779177,0.0009908687914529709,0.019827861545814354,0.00039014314179723343,0.012557211332023088,0.019739024134145786,9,0.015215924630562433,0.018667416647076565,9.14670832448891,6.216419340056473
twig,TWIG,1000620,0.05,5.0,0.020109885061780557,0.00018221688282344273,0.022909030732181288,0.0002931173919695272,0.030787820410397255,0.0010474144632037137,0.022757887012428667,0.00028593385483623016,0.015092766636775556,0.02401263722115088,9,0.015215924630562433,0.018667416647076565,32.163411360412525,21.912353716027948
twig,TWIG,1000620,0.1,10.0,0.030033773018254144,0.0002893068164000973,0.032751752270592537,0.0004091957967261395,0.03988147030274069,0.0012533707114587083,0.032085966732766855,0.00044066311033434023,0.0223569044222434,0.03599898227387,9,0.015215924630562433,0.018667416647076565,97.38381825268014,71.88220169603231
