model,Method,seed,Parameters,Block test RMSE,Rollout RMSE,Step 25 RMSE,Step 50 RMSE,Final step,Final-step RMSE,checkpoint
gat_h10,GAT,42,1003940,0.01220191475013087,0.014028216588000457,0.018146274611353874,0.029124941676855087,60,0.017382437363266945,pflotran_h10_benchmark_runs/four_model_100epoch_p1m_seed42/models/gat_h10_seed42_best.pt
gat_h10,GAT,43,1003940,0.01209492136794363,0.014466621121391654,0.018627747893333435,0.029121706262230873,60,0.018482057377696037,pflotran_h10_benchmark_runs/core_models_seed43_44_100epoch_p1m_step60/models/gat_h10_seed43_best.pt
gat_h10,GAT,44,1003940,0.012217938913666758,0.014419905235990882,0.019532695412635803,0.029652053490281105,60,0.018641646951436996,pflotran_h10_benchmark_runs/core_models_seed43_44_100epoch_p1m_step60/models/gat_h10_seed44_best.pt
gatv2_h10,GATv2,42,994640,0.012322284974275052,0.01467116295049588,0.019412139430642128,0.03032197616994381,60,0.018468841910362244,pflotran_h10_benchmark_runs/additional_four_100epoch_p1m_seed42_step60/models/gatv2_h10_seed42_best.pt
gatv2_h10,GATv2,43,994640,0.012355282832030854,0.014402696676552296,0.019383629783988,0.030724886804819107,60,0.01757453754544258,pflotran_h10_benchmark_runs/core_models_seed43_44_100epoch_p1m_step60/models/gatv2_h10_seed43_best.pt
gatv2_h10,GATv2,44,994640,0.012281312880637607,0.01469198619015515,0.019868234172463417,0.03081158921122551,60,0.01929139718413353,pflotran_h10_benchmark_runs/core_models_seed43_44_100epoch_p1m_step60/models/gatv2_h10_seed44_best.pt
gps_transformer_h10,GPS Transformer,42,1015191,0.012335665454865676,0.014405948451409738,0.018604155629873276,0.026192450895905495,60,0.019215527921915054,pflotran_h10_benchmark_runs/altk_recurrent_three_seed_100epoch_p1m_step60/models/gps_transformer_h10_seed42_best.pt
gps_transformer_h10,GPS Transformer,43,1015191,0.011577212871940605,0.0131041394546628,0.015809115022420883,0.023626146838068962,60,0.01593339815735817,pflotran_h10_benchmark_runs/altk_recurrent_three_seed_100epoch_p1m_step60/models/gps_transformer_h10_seed43_best.pt
gps_transformer_h10,GPS Transformer,44,1015191,0.011877345122475095,0.01440583641330401,0.016287624835968018,0.029176920652389526,60,0.017873279750347137,pflotran_h10_benchmark_runs/altk_recurrent_three_seed_100epoch_p1m_step60/models/gps_transformer_h10_seed44_best.pt
graph_fno_h10,Graph FNO,42,1047724,0.03235075540121788,0.05983281843364239,0.04546268656849861,0.07440691441297531,60,0.1015530675649643,pflotran_h10_benchmark_runs/additional_four_100epoch_p1m_seed42_step60/models/graph_fno_h10_seed42_best.pt
graph_fno_h10,Graph FNO,43,1047724,0.032397151606776295,0.0526611332471172,0.04737443849444389,0.08351321518421173,60,0.06632623076438904,pflotran_h10_benchmark_runs/core_models_seed43_44_100epoch_p1m_step60/models/graph_fno_h10_seed43_best.pt
graph_fno_h10,Graph FNO,44,1047724,0.03198905014978113,0.05085779468839367,0.037745289504528046,0.07491148263216019,60,0.08197088539600372,pflotran_h10_benchmark_runs/core_models_seed43_44_100epoch_p1m_step60/models/graph_fno_h10_seed44_best.pt
meshgraphnet_h10,MeshGraphNet,42,976024,0.012727832234733746,0.014628659064571062,0.017062002792954445,0.03001134656369686,60,0.018336337059736252,pflotran_h10_benchmark_runs/additional_four_100epoch_p1m_seed42_step60/models/meshgraphnet_h10_seed42_best.pt
meshgraphnet_h10,MeshGraphNet,43,976024,0.012823406970141104,0.014524126145988702,0.01743975654244423,0.030138472095131874,60,0.01704835519194603,pflotran_h10_benchmark_runs/core_models_seed43_44_100epoch_p1m_step60/models/meshgraphnet_h10_seed43_best.pt
meshgraphnet_h10,MeshGraphNet,44,976024,0.012708490387856588,0.014359229477122426,0.017032984644174576,0.02807692252099514,60,0.017639141529798508,pflotran_h10_benchmark_runs/core_models_seed43_44_100epoch_p1m_step60/models/meshgraphnet_h10_seed44_best.pt
plain_graph_wno_h10,Plain Graph WNO,42,1023804,0.012730080348933043,0.014144362354030212,0.017969058826565742,0.025290900841355324,60,0.017811650410294533,pflotran_h10_benchmark_runs/additional_four_100epoch_p1m_seed42_step60/models/plain_graph_wno_h10_seed42_best.pt
plain_graph_wno_h10,Plain Graph WNO,43,1023804,0.013245324187642515,0.015035165815303723,0.018847279250621796,0.027740389108657837,60,0.01995064690709114,pflotran_h10_benchmark_runs/core_models_seed43_44_100epoch_p1m_step60/models/plain_graph_wno_h10_seed43_best.pt
plain_graph_wno_h10,Plain Graph WNO,44,1023804,0.012614262849541385,0.014372089691460133,0.01747370883822441,0.024891749024391174,60,0.017578832805156708,pflotran_h10_benchmark_runs/core_models_seed43_44_100epoch_p1m_step60/models/plain_graph_wno_h10_seed44_best.pt
rnn_h10,RNN,42,995244,0.015311924259049857,0.023596571137507755,0.03954130411148071,0.05716942623257637,60,0.03348049521446228,pflotran_h10_benchmark_runs/altk_recurrent_three_seed_100epoch_p1m_step60/models/rnn_h10_seed42_best.pt
rnn_h10,RNN,43,995244,0.015206569238921991,0.021733253123238684,0.034600693732500076,0.05119314789772034,60,0.02950851060450077,pflotran_h10_benchmark_runs/altk_recurrent_three_seed_100epoch_p1m_step60/models/rnn_h10_seed43_best.pt
rnn_h10,RNN,44,995244,0.01550444506048175,0.021553921264906725,0.037694431841373444,0.05208895355463028,60,0.028551584109663963,pflotran_h10_benchmark_runs/altk_recurrent_three_seed_100epoch_p1m_step60/models/rnn_h10_seed44_best.pt
rnn_gnn_fusion_h10,RNN-GNN Fusion,42,973601,0.015308517006992617,0.020795972148577372,0.03621251508593559,0.05732203647494316,60,0.02690628170967102,pflotran_h10_benchmark_runs/altk_recurrent_three_seed_100epoch_p1m_step60/models/rnn_gnn_fusion_h10_seed42_best.pt
rnn_gnn_fusion_h10,RNN-GNN Fusion,43,973601,0.015366764572832222,0.020587876004477344,0.03214419633150101,0.04891958832740784,60,0.030740704387426376,pflotran_h10_benchmark_runs/altk_recurrent_three_seed_100epoch_p1m_step60/models/rnn_gnn_fusion_h10_seed43_best.pt
rnn_gnn_fusion_h10,RNN-GNN Fusion,44,973601,0.015077274669554953,0.019991068930054704,0.033218927681446075,0.051451511681079865,60,0.027345627546310425,pflotran_h10_benchmark_runs/altk_recurrent_three_seed_100epoch_p1m_step60/models/rnn_gnn_fusion_h10_seed44_best.pt
wavelet_swiglu_raw_sa_tcwno_h10_k3_m128_d10,TC-WGNO (K=3),42,998572,0.011782906122807848,0.013663280739759405,0.015662096440792084,0.0243537500500679,60,0.01703689433634281,pflotran_h10_benchmark_runs/altk_recurrent_three_seed_100epoch_p1m_step60/models/wavelet_swiglu_raw_sa_tcwno_h10_k3_m128_d10_seed42_best.pt
wavelet_swiglu_raw_sa_tcwno_h10_k3_m128_d10,TC-WGNO (K=3),43,998572,0.012031816341821877,0.014010761755829056,0.016311118379235268,0.02599143050611019,60,0.01812538132071495,pflotran_h10_benchmark_runs/altk_recurrent_three_seed_100epoch_p1m_step60/models/wavelet_swiglu_raw_sa_tcwno_h10_k3_m128_d10_seed43_best.pt
wavelet_swiglu_raw_sa_tcwno_h10_k3_m128_d10,TC-WGNO (K=3),44,998572,0.011822526512806538,0.013884157858168085,0.01593683287501335,0.0250559039413929,60,0.017980171367526054,pflotran_h10_benchmark_runs/altk_recurrent_three_seed_100epoch_p1m_step60/models/wavelet_swiglu_raw_sa_tcwno_h10_k3_m128_d10_seed44_best.pt
wavelet_swiglu_raw_sa_tcwno_h10_k5_m128_d10,TC-WGNO,42,1000620,0.011914104162496223,0.013585239353900155,0.01588454842567444,0.025257635861635208,60,0.01771235279738903,pflotran_h10_benchmark_runs/four_model_100epoch_p1m_seed42/models/wavelet_swiglu_raw_sa_tcwno_h10_k5_m128_d10_seed42_best.pt
wavelet_swiglu_raw_sa_tcwno_h10_k5_m128_d10,TC-WGNO,43,1000620,0.01190730644905713,0.013610113970935344,0.015567639842629433,0.024019096046686172,60,0.016893373802304268,pflotran_h10_benchmark_runs/core_models_seed43_44_100epoch_p1m_step60/models/wavelet_swiglu_raw_sa_tcwno_h10_k5_m128_d10_seed43_best.pt
wavelet_swiglu_raw_sa_tcwno_h10_k5_m128_d10,TC-WGNO,44,1000620,0.0118338611873302,0.013707740356524785,0.016008935868740082,0.025465086102485657,60,0.017139388248324394,pflotran_h10_benchmark_runs/core_models_seed43_44_100epoch_p1m_step60/models/wavelet_swiglu_raw_sa_tcwno_h10_k5_m128_d10_seed44_best.pt
