model,Method,Parameters,Block test RMSE,Std block test RMSE,Rollout RMSE,Std rollout RMSE,Step 25 RMSE,Std step 25 RMSE,Step 50 RMSE,Std step 50 RMSE,Final step,Final-step RMSE,Std final-step RMSE,Runs,selected_checkpoint
wavelet_swiglu_raw_sa_tcwno_h10_k5_m128_d10,TC-WGNO,1000620,0.01188509059962785,3.633081098527869e-05,0.013634364560453428,5.28689715554146e-05,0.015820374712347984,0.0001857852609454297,0.02491393933693568,0.0006383924008453574,60,0.017248371616005898,0.00034311288659459507,3,pflotran_h10_benchmark_runs/four_model_100epoch_p1m_seed42/models/wavelet_swiglu_raw_sa_tcwno_h10_k5_m128_d10_seed42_best.pt
wavelet_swiglu_raw_sa_tcwno_h10_k3_m128_d10,TC-WGNO (K=3),998572,0.011879082992478756,0.00010920332970225254,0.013852733451252182,0.00014358826355175284,0.0159700158983469,0.0002659990024082837,0.025133694832523663,0.0006708392187317363,60,0.017714149008194607,0.00048254664751026306,3,pflotran_h10_benchmark_runs/altk_recurrent_three_seed_100epoch_p1m_step60/models/wavelet_swiglu_raw_sa_tcwno_h10_k3_m128_d10_seed42_best.pt
gps_transformer_h10,GPS Transformer,1015191,0.011930074483093793,0.00031187376638619913,0.013971974773125515,0.0006136522403427953,0.01690029849608739,0.0012205435291104297,0.026331839462121327,0.002268236372710524,60,0.017674068609873455,0.001347307872936293,3,pflotran_h10_benchmark_runs/altk_recurrent_three_seed_100epoch_p1m_step60/models/gps_transformer_h10_seed43_best.pt
gat_h10,GAT,1003940,0.012171591677247087,5.460736031447233e-05,0.014304914315127664,0.00019658215862621988,0.018768905972441036,0.00057473754127707,0.029299567143122356,0.0002492489861924373,60,0.01816871389746666,0.0005597858514268598,3,pflotran_h10_benchmark_runs/four_model_100epoch_p1m_seed42/models/gat_h10_seed42_best.pt
meshgraphnet_h10,MeshGraphNet,976024,0.012753243197577147,5.023772152118324e-05,0.014504004895894063,0.00011091054707049236,0.017178247993191082,0.0001852935585119217,0.02940891372660796,0.0009432888048588568,60,0.017674611260493595,0.0005264142217467052,3,pflotran_h10_benchmark_runs/core_models_seed43_44_100epoch_p1m_step60/models/meshgraphnet_h10_seed44_best.pt
plain_graph_wno_h10,Plain Graph WNO,1023804,0.012863222462038982,0.0002742926901726611,0.014517205953598024,0.0003778683622699592,0.018096682305137318,0.0005679728477462117,0.025974346324801445,0.0012593677988194107,60,0.018447043374180794,0.0010674482649293082,3,pflotran_h10_benchmark_runs/additional_four_100epoch_p1m_seed42_step60/models/plain_graph_wno_h10_seed42_best.pt
gatv2_h10,GATv2,994640,0.012319626895647839,3.025654159319581e-05,0.01458861527240111,0.00013173887059703192,0.01955466779569785,0.00022203018483455642,0.030619484061996143,0.00021332687937252855,60,0.018444925546646118,0.0007011090020253889,3,pflotran_h10_benchmark_runs/core_models_seed43_44_100epoch_p1m_step60/models/gatv2_h10_seed43_best.pt
rnn_gnn_fusion_h10,RNN-GNN Fusion,973601,0.015250852083126598,0.00012502008800782398,0.020458305694369808,0.00034113403694448305,0.03385854636629423,0.0017213634941379468,0.05256437882781029,0.003519388079643854,60,0.028330871214469273,0.0017134231102593947,3,pflotran_h10_benchmark_runs/altk_recurrent_three_seed_100epoch_p1m_step60/models/rnn_gnn_fusion_h10_seed44_best.pt
rnn_h10,RNN,995244,0.015340979519484535,0.0001233306055193937,0.02229458184188439,0.0009235518658207823,0.03727880989511808,0.0020382940466445007,0.05348384256164233,0.002631636017173816,60,0.030513529976209004,0.0021340242302408615,3,pflotran_h10_benchmark_runs/altk_recurrent_three_seed_100epoch_p1m_step60/models/rnn_h10_seed44_best.pt
graph_fno_h10,Graph FNO,1047724,0.032245652385925104,0.0001824311425682206,0.054450582123051094,0.003876369286383876,0.04352747152249018,0.004162444836328958,0.07761053740978241,0.004178903440976613,60,0.08328339457511902,0.01441121133013084,3,pflotran_h10_benchmark_runs/core_models_seed43_44_100epoch_p1m_step60/models/graph_fno_h10_seed44_best.pt
